keys,en,es
GAME_TITLE,"Dank Nooner","Al Doce"
GAME_DESC,"A physics-based motorcycle stunt game. Wheelies, wrecks, and questionable decisions","Un juego de acrobacias en moto basado en la física. Caballitos, choques y decisiones cuestionables."
LEVEL_SELECT_LABEL,"Level Select","Selección de nivel"
LEVEL_TEST_1_LABEL,"Test Level 1","Nivel de prueba 1"
LEVEL_TEST_STREETRACE_01,"Test Street Race 1","Prueba de carrera callejera 1"
LEVEL_TEST_CITY_01,"Test City 1","Ciudad de pruebas 1"
LEVEL_RACETRACK_01,"The Racetrack","La pista de carreras"
LEVEL_STUNTTRACK_01,"Stunt City","Ciudad de las Acrobacias"
LEVEL_STUNTTRACK_02,"Mega Ramp","Mega Rampa"
SETTINGS_LABEL,Settings,"Configuración"
PAUSE_LABEL,Pause,"Pausar"
RESUME_LABEL,Resume,"Reanudar"
MAIN_MENU_LABEL,"Main Menu","Menú Principal"
BACK_LABEL,Back,"De Vuelta"
QUIT_LABEL,Quit,"La Salida"
PLAY_LABEL,Play,"Jugar"
HOST_LABEL,"Host Game","Organizar Juego"
PLAYER_IS_HOST_LABEL,"Host","Organizar"
YOU_LABEL,"(you)","(tu)"
JOIN_LABEL,"Join Game","Unirse al Juego"
IP_PLACEHOLDER,"IP Addr","Dirección IP"
LOBBY_LABEL,Lobby,"Vestíbulo"
CUSTOMIZE_LABEL,Customize,"Personalizar"
SINGLEPLAYER_LABEL,Solo,Solo
MULTIPLAYER_LABEL,Multiplayer,Multijugador
FREE_ROAM_LABEL,"Free Ride","Paseo Gratis"
STORY_LABEL,"Story Mode","Modo Historia"
START_LABEL,"Start Game","Iniciar juego"
COPY_LABEL,Copy,"Copiar"
INVITE_LABEL,Invite,"Invitar"
PASTE_LABEL,Paste,"Pegar"
GAME_CODE_PLACEHOLDER,"Game code or IP","Código de juego o IP"
USE_WEBRTC_LABEL,"Use Game Join Code","Usar el código para unirse al juego"
USE_IPPORT_LABEL,"Use IP/Port","Usar IP/Puerto"
RESPAWN_LABEL,"Respawn","Reaparecer"
CANCEL_EVENT_LABEL,"Cancel Event","Cancelar evento"
USERNAME_LABEL,"Username","Nombre de usuario"
WEBRTC_HOST_LABEL,"WebRTC Signal Host","Host de señal WebRTC"
SAVE_LABEL,"Save","Guardar"
RESET_SETTINGS_LABEL,"Reset Settings","Restablecer configuración"
SAVED_SETTINGS_LABEL,"Settings Saved","Configuraciones guardadas"
WINDOW_SETTINGS_LABEL,"Window Mode","Modo ventana"
WINDOW_MODE_WINDOWED,"Windowed","En ventana"
WINDOW_MODE_FULLSCREEN_BORDERLESS,"Fullscreen (Borderless)","Pantalla completa (sin bordes)"
WINDOW_MODE_FULLSCREEN_EXCLUSIVE,"Fullscreen (Exclusive)","Pantalla completa (Exclusiva)"
WINDOW_MODE_MAXIMIZED,"Windowed (Maximized)","En ventana (Maximizada)"
MASTER_VOLUME_LABEL,"Master Volume","Volumen maestro"
MUSIC_VOLUME_LABEL,"Music Volume","Volumen de la música"
MENU_VOLUME_LABEL,"Menu Volume","Volumen de la menú"
SFX_VOLUME_LABEL,"Sound Effects Volume","Volumen de efectos de sonido"
WEB_QUIT_LABEL,"Press ESC to get your mouse cursor back, press again to pause.","Pulsa ESC para recuperar el cursor del ratón; pulsa de nuevo para pausar."
HUD_THROTTLE,"Throttle: {value}%","Acelerador: {value}%"
HUD_RPM,"RPM: {value}%","RPM: {value}%"
HUD_BRAKE_F,"Brake: F{front}% R{rear}%","Freno: D{front}% T{rear}%"
HUD_CLUTCH_IN,"Clutch: IN","Embrague: DENTRO"
HUD_CLUTCH_OUT,"Clutch: OUT","Embrague: FUERA"
HUD_SPEED,"Speed: {value}","Velocidad: {value}"
HUD_GEAR,"Gear: {value}","Marcha: {value}"
HUD_GRIP,"Grip: {value}%","Agarre: {value}%"
HUD_FPS,"FPS: {value}","FPS: {value}"
HUD_COMBO,"x{value}","x{value}"
AUTO_TRANSMISSION_LABEL,"Automatic Transmission","Transmisión Automática"
HUD_CRASHED,"CRASHED - Respawning...","CHOCADO - Reapareciendo..."
HUD_RESPAWNING,"Respawning...","Reapareciendo..."
HUD_FULL_RESPAWNING,"Full respawning...","Reaparición completa..."
TRUE,"True","Verdadero"
FALSE,"False","Falso"
DISPLAY_SETTINGS_LABEL,"Display Settings","Configuración de pantalla"
VOLUME_SETTINGS_LABEL,"Volume Settings","Configuración de volumen"
GAMEPLAY_SETTINGS_LABEL,"Gameplay Settings","Configuración de juego"
DIFFICULTY_LABEL,"Difficulty","Dificultad"
DIFFICULTY_EASY,"Easy","Fácil"
DIFFICULTY_HARD,"Hard","Difícil"
JOY_CAM_SENS_LABEL,"Joystick Camera Sensitivity","Sensibilidad de la cámara del joystick"
MOUSE_CAM_SENS_LABEL,"Mouse Camera Sensitivity","Sensibilidad de la cámara del ratón"
INVERT_CAM_LABEL,"Invert Camera","Invertir cámara"
RESOLUTION_SCALE_LABEL,"Resolution Scale {scale}x","Escala de resolución {scale}x"
HELP_LABEL,"Help & Controls","Ayudar y controles"
GAMEPAD_LABEL,"Controller View","Vista del controlador"
KBM_LABEL,"Keyboard View","Vista de teclado"
CLOSE_LABEL,"Close","Cerca"
TRICKS_LABEL,"Tricks","Trucos"
TRICKS_HINT_LABEL,"Right stick. Ground: hold the trick button. Wheelie: in the balance point. Air: once airborne.","Stick derecho. Suelo: mantén el botón de truco. Caballito: en el punto de equilibrio. Aire: una vez en el aire."
TRICK_DIR_UP,"Up","Arriba"
TRICK_DIR_DOWN,"Down","Abajo"
TRICK_DIR_LEFT,"Left","Izquierda"
TRICK_DIR_RIGHT,"Right","Derecha"
TRICK_GESTURE_TAP,"Tap","Toque"
TRICK_GESTURE_DOUBLE_TAP,"Double Tap","Doble toque"
TRICK_GESTURE_HOLD,"Hold","Mantener"
TRICK_GESTURE_DOUBLE_TAP_HOLD,"Double Tap + Hold","Doble toque + mantener"
TRICKS_HOWTO_TAB,"Slides & Flips","Derrapes y volteretas"
TRICK_HOWTO_DRIFT,"Steer and hold A (rear brake), or lean forward at full throttle (RT) and high revs.","Gira y mantén A (freno trasero), o inclínate hacia adelante a fondo (RT) y con revoluciones altas."
TRICK_HOWTO_BURNOUT,"From a stop: hold LT and lean forward, rev with RT while holding LB, then let go of LB.","Desde parado: mantén LT e inclínate hacia adelante, acelera con RT mientras mantienes LB y luego suelta LB."
TRICK_HOWTO_WHEELIE_SITTING,"Floor it (RT) in low gear or pop the clutch (LB). Lean back to balance.","A fondo (RT) en marcha corta o suelta el embrague (LB). Inclínate atrás."
TRICK_HOWTO_BACKFLIP,"In the air, lean back (left stick down) for a full rotation. Land upright.","En el aire, inclínate hacia atrás (stick izquierdo abajo) una vuelta completa. Aterriza derecho."
TRICK_HOWTO_FRONTFLIP,"In the air, lean forward (left stick up) for a full rotation. Land upright.","En el aire, inclínate hacia adelante (stick izquierdo arriba) una vuelta completa. Aterriza derecho."
PIN_TRICK_LABEL,"Pin","Fijar"
CLEAR_PIN_LABEL,"Clear Pins","Quitar fijados"
PINNED_LABEL,"Pinned","Fijado"
TUT_SHOW_HELP,"View the Controls","Ver los controles"
TUT_HINT_SHOW_HELP,"Then press the X to close","Luego, presiona la X para cerrar"
TUT_PRESS_RT,"Press RT to accelerate","Presiona RT para acelerar"
TUT_HINT_PRESS_RT,"Hold the right trigger to go","Mantén el gatillo derecho para avanzar"
TUT_REACH_SPEED,"Reach cruising speed","Alcanza velocidad de crucero"
TUT_HINT_REACH_SPEED,"Keep accelerating until you hit {speed} speed","Sigue acelerando hasta alcanzar una velocidad de {speed}"
TUT_DO_WHEELIE,"Do a wheelie for {duration}s","Haz un caballito por {duration}s"
TUT_HINT_DO_WHEELIE,"Lean back while accelerating, you may need to change up a gear. Hitting redline will kill your wheelie!","Inclínate hacia atrás mientras aceleras; es posible que necesites subir una marcha. ¡Llegar a la zona roja arruinará tu caballito!"
TUT_CHANGE_GEAR,"Shift gears to get to higher speeds","Cambia de marcha para alcanzar velocidades más altas"
TUT_HINT_CHANGE_GEAR,"Press B to shift up, press X to shift down","Presiona B para subir de marcha; presiona X para bajar de marcha"
TUT_DO_STOPPIE,"Do a stoppie for {duration}s","Haz un stoppie por {duration}s"
TUT_HINT_DO_STOPPIE,"Lean forward while tapping the front brake at speed, in 3rd gear","Inclínate hacia adelante mientras das toques al freno delantero a velocidad, en tercera marcha"
TUT_CHECKPOINT,"Pass through the checkpoint","Pasa por el punto de control"
TUT_HINT_CHECKPOINT,"Drive through the gate ahead","Conduce a través de la puerta de adelante"
TUT_COMPLETE,"Tutorial Complete!","¡Tutorial Completado!"
CHALLENGE_COMPLETE,"Challenge Complete!","¡Desafío Completado!"
LONG_JUMP_OBJECTIVE,"Hit the jump and trick for points. Land clean to score. Your best jump counts.","Toma el salto y haz trucos para sumar puntos. Aterriza limpio para puntuar. Cuenta tu mejor salto."
LONG_JUMP_COMPLETE,"Long Jump Complete!","¡Salto Largo Completado!"
RACE_OBJECTIVE,"Complete the laps","Completa las vueltas"
STUNT_RACE_OBJECTIVE,"Race to the finish and trick for points!","¡Corre a la meta y haz trucos para sumar puntos!"
TIME_ATTACK_OBJECTIVE,"Lap as long as you like. Your best lap counts. The host ends the session from Pause.","Da todas las vueltas que quieras: cuenta tu mejor vuelta. El anfitrión termina la sesión desde Pausa."
TIME_ATTACK_RUN_OBJECTIVE,"Run it as often as you like. Your best time counts. The host ends the session from Pause.","Repite el recorrido cuantas veces quieras: cuenta tu mejor tiempo. El anfitrión termina la sesión desde Pausa."
TIME_ATTACK_RUN_DONE,"Run complete. Waiting for the host to end the session.","Recorrido completo: esperando a que el anfitrión termine la sesión"
TIME_ATTACK_RUN_COMPLETE,"Run Complete!","¡Recorrido Completado!"
TIME_ATTACK_RETRY_LABEL,"Run Again","Repetir"
TIME_ATTACK_WAIT_LABEL,"Wait for Host","Esperar al anfitrión"
END_EVENT_LABEL,"End Event","Terminar evento"
TIME_ATTACK_PB,"PB {time}","Récord {time}"
TIME_ATTACK_NO_PB,"No PB yet","Sin récord aún"
LB_PLACE,"Pos","Pos"
LB_SCORE,"Score","Puntos"
LB_TIME,"Time","Tiempo"
LB_TRICKS,"Tricks","Trucos"
LB_BEST_LAP,"Best","Mejor"
LB_PB,"PB","Récord"
LB_LAST_LAP,"Last","Última"
LB_CURRENT_LAP,"Lap","Vuelta"
LB_KNOCKOUTS,"KOs","KOs"
ITEM_BAT,"Bat","Bate"
ITEM_OIL_SLICK,"Oil Slick","Mancha de aceite"
ITEM_RAMP,"Ramp","Rampa"
ITEM_SHOTGUN,"Shotgun","Escopeta"
RACE_HINT,"Pass each checkpoint in order","Pasa por cada punto de control en orden"
RACE_LAP,"Lap {current}/{total}  -  {time}","Vuelta {current}/{total}  -  {time}"
RACE_LAP_ENDLESS,"Lap {current}  -  {time}","Vuelta {current}  -  {time}"
RACE_COMPLETE,"Race Complete!","¡Carrera Completada!"
RACE_WHEELIE_OBJECTIVE,"Hold a wheelie the whole lap!","¡Mantén el caballito toda la vuelta!"
RACE_WHEELIE_WARN,"WHEELIE! {time}s","¡CABALLITO! {time}s"
RACE_DNF,"DNF","DNF"
LOADING_LABEL,"Loading...","Cargando..."
COMPILING_SHADERS_LABEL,"Compiling shaders...","Compilando shaders..."
LOADOUTS_LABEL,"Bikes","Motos"
EDIT_LOADOUT_LABEL,"Edit Bike Loadout","Editar Configuración de Moto"
NEW_LOADOUT_LABEL,"+ New Bike Loadout","+ Nueva Configuración de Moto"
NAME_LABEL,"Name","Nombre"
BASE_BIKE_LABEL,"Base Bike","Moto Base"
COLOR_MOD_LABEL,"Color Mod","Mod de Color"
SET_ACTIVE_LABEL,"Set Active","Activar"
DELETE_LABEL,"Delete","Eliminar"
SELECT_LABEL,"Select","Seleccionar"
SELECTED_LABEL,"Selected","Seleccionado"
CHARACTER_SKIN_LABEL,"Character Skin","Apariencia"
RACE_RACING,"Racing...","Corriendo..."
RACE_POSITION,"P{pos}/{total}","P{pos}/{total}"
RACE_MISSED_CHECKPOINT,"Missed checkpoint! Go back","¡Te saltaste un punto de control! Regresa"
RACE_WRONG_WAY,"Wrong way!","¡Sentido contrario!"
RACE_LONGEST_WHEELIE,"Wheelie","Caballito"
RACE_BEST_COMBO,"Combo","Combo"
RACE_SCORE,"Score","Puntos"
CALLOUT_SICK_FLIP,"SICK FLIP!","¡QUÉ FLIP!"
CALLOUT_WHEELIE,"NICE WHEELIE!","¡BUEN CABALLITO!"
CALLOUT_KNEE_KNOCKER,"KNEE KNOCKIN'!","¡CHOCA RODILLAS!"
CALLOUT_HIGH_CHAIR,"TAKE A SEAT!","¡TOMA ASIENTO!"
CALLOUT_NICE_DRIFT,"NICE DRIFT!","¡BUEN DERRAPE!"
CALLOUT_DANKNOONER,"DANK NOONER!","¡DANK NOONER!"
CALLOUT_OOF_1,"OOF!","¡UF!"
CALLOUT_OOF_2,"BONK!","¡BONK!"
CALLOUT_OOF_3,"YIKES!","¡AY!"
CALLOUT_OOF_4,"OUCH!","¡AUCH!"
FREEROAM_ROUND_WINNER,"🏆 {name} +{points}","🏆 {name} +{points}"
RACE_WHEELIE_ATTEMPT,"{time}s","{time}s"
FUELUP_GRAB,"Hold click / A on the pump handle","Mantén clic / A en la manguera"
FUELUP_ALIGN,"Hold the nozzle over the gas cap","Pon la boquilla sobre el tanque"
FUELUP_FILL,"Hold right click / A to fill up","Mantén clic derecho / A para llenar"
FUELUP_RETURN,"Let go to hang it back up","Suelta para colgar la manguera"
